Frequency ID,Real Part,Imaginary Part
33560,-3.2901763916015625e-05,2775.707763671875
54968,-3.290176755399443e-05,-16922.537109375
13752,-3.290177119197324e-05,3847.138427734375
32184,-3.2901774829952046e-05,-8699.4501953125
10936,-3.290177846793085e-05,38628.41015625
50872,-3.290178210590966e-05,-2805.4541015625
36536,-3.290178574388847e-05,2924.51611328125
39352,-3.2901789381867275e-05,4740.703125
25016,-3.290179301984608e-05,-2557.390380859375
48056,-3.290179665782489e-05,5232.7412109375
10680,-3.2901800295803696e-05,-5446.03076171875
40888,-3.29018039337825e-05,3714.86083984375
33720,-3.290180757176131e-05,21249.91796875
27832,-3.290181120974012e-05,187.07533264160156
51128,-3.2901814847718924e-05,5651.73193359375
64952,-3.290181848569773e-05,3319.88623046875
55480,-3.290182212367654e-05,5738.59423828125
58040,-3.2901825761655346e-05,5593.0283203125
15544,-3.290182939963415e-05,-2637.473388671875
55480,-3.290183303761296e-05,3522.896484375
19640,-3.290183667559177e-05,2511.85400390625
5048,-3.2901840313570574e-05,4896.46484375
52920,-3.290184395154938e-05,7880.2578125
30904,-3.290184758952819e-05,-2651.458251953125
48568,-3.2901851227506995e-05,3734.02392578125
27064,-3.29018548654858e-05,34794.15234375
4024,-3.290185850346461e-05,6270.3017578125
34744,-3.2901862141443416e-05,-895.696533203125
51128,-3.2901865779422224e-05,-5802.93798828125
7352,-3.290186941740103e-05,4366.353515625
44984,-3.290187305537984e-05,-21274.544921875
21688,-3.2901876693358645e-05,-15705.55078125
440,-3.290188033133745e-05,361.2705993652344
12472,-3.290188396931626e-05,-169449.65625
26296,-3.2901887607295066e-05,8108.3486328125
18616,-3.290189124527387e-05,-7796.3759765625
24760,-3.290189488325268e-05,-12465.48046875
1976,-3.290189852123149e-05,8567.4189453125
53944,-3.2901902159210294e-05,-1030.3602294921875
50104,-3.29019057971891e-05,-6261.37744140625
30136,-3.290190943516791e-05,5677.134765625
20920,-3.2901913073146716e-05,-9803.3115234375
26552,-3.290191671112552e-05,2795.00048828125
29624,-3.290192034910433e-05,7877.8017578125
7864,-3.290192398708314e-05,1117.5948486328125
28600,-3.2901927625061944e-05,12792.0390625
6584,-3.290193126304075e-05,-6344.54248046875
45240,-3.290193490101956e-05,23074.048828125
62648,-3.2901938538998365e-05,4665.92724609375
23736,-3.290194217697717e-05,23204.12890625
41656,-3.290194581495598e-05,-9807.8515625
54968,-3.290194945293479e-05,7084.78369140625
46264,-3.2901953090913594e-05,5695.24365234375
52920,-3.29019567288924e-05,-1266.338623046875
51128,-3.290196036687121e-05,1433.62646484375
55736,-3.2901964004850015e-05,3972.824951171875
11960,-3.290196764282882e-05,389.7209777832031
29624,-3.290197128080763e-05,5003.7431640625
52408,-3.2901974918786436e-05,6266.73974609375
41144,-3.2901978556765243e-05,10429.1474609375
32440,-3.290198219474405e-05,-1762.3499755859375
48056,-3.290198583272286e-05,-9034.5146484375
40376,-3.2901989470701665e-05,-9428.7646484375
61112,-3.290199310868047e-05,-6557.8427734375
5048,-3.290199674665928e-05,7712.3017578125
55992,-3.2902000384638086e-05,2988.42578125
16312,-3.290200402261689e-05,7204.27099609375
34488,-3.29020076605957e-05,-1073.5484619140625
62392,-3.290201129857451e-05,7890.611328125
27064,-3.2902014936553314e-05,-2189.7275390625
50104,-3.290201857453212e-05,-1061.610595703125
36536,-3.290202221251093e-05,-12521.26953125
19896,-3.2902025850489736e-05,-8998.4716796875
11960,-3.290202948846854e-05,547.3095703125
47032,-3.290203312644735e-05,-2277.39306640625
27064,-3.290203676442616e-05,1569.9656982421875
65464,-3.2902040402404964e-05,5743.09716796875
11960,-3.290204404038377e-05,-11120.525390625
6584,-3.290204767836258e-05,-9578.890625
37304,-3.2902051316341385e-05,6547.72119140625
20920,-3.290205495432019e-05,11161.603515625
42936,-3.2902058592299e-05,1946.6156005859375
39352,-3.2902062230277807e-05,-16812.287109375
56760,-3.2902065868256614e-05,-8151.2373046875
56504,-3.290206950623542e-05,-26460.166015625
52152,-3.290207314421423e-05,-6107.21875
28856,-3.2902076782193035e-05,-11533.8671875
46264,-3.290208042017184e-05,-4844.55615234375
64440,-3.290208405815065e-05,-209.80145263671875
32184,-3.2902087696129456e-05,10417.177734375
63928,-3.290209133410826e-05,4268.24267578125
61624,-3.290209497208707e-05,7538.10205078125
16824,-3.290209861006588e-05,-8188.78515625
32952,-3.2902102248044685e-05,2803.338134765625
38328,-3.290210588602349e-05,7062.41259765625
60344,-3.29021095240023e-05,3035.132080078125
6840,-3.2902113161981106e-05,1800.606689453125
44728,-3.290211679995991e-05,10567.369140625
9656,-3.290212043793872e-05,3763.7392578125
35768,-3.290212407591753e-05,4674.91162109375
36280,-3.2902127713896334e-05,18788.0703125
28856,-3.290213135187514e-05,-10807.1279296875
3768,-3.290213498985395e-05,-2460.2431640625
13240,-3.2902138627832755e-05,2663.48779296875
59320,-3.290214226581156e-05,-2070.68310546875
47032,-3.290214590379037e-05,4717.48193359375
26296,-3.290214954176918e-05,-8391.14453125
10936,-3.2902153179747984e-05,8611.5224609375
54456,-3.290215681772679e-05,-9586.4755859375
13240,-3.29021604557056e-05,-2902.2607421875
54968,-3.2902164093684405e-05,5732.80419921875
54456,-3.290216773166321e-05,-371.41107177734375
58040,-3.290217136964202e-05,8101.7412109375
33464,-3.2902175007620826e-05,-7773.45703125
54968,-3.2902178645599633e-05,4862.23974609375
36536,-3.290218228357844e-05,-4730.2626953125
22456,-3.290218592155725e-05,-11228.80859375
2232,-3.2902189559536055e-05,8020.35888671875
37304,-3.290219319751486e-05,9329.51171875
35512,-3.290219683549367e-05,6327.7939453125
9144,-3.2902200473472476e-05,1789.3392333984375
16056,-3.290220411145128e-05,-646.0057983398438
63928,-3.290220774943009e-05,13364.5166015625
53176,-3.29022113874089e-05,8861.2939453125
52664,-3.2902215025387704e-05,-38618.58203125
4024,-3.290221866336651e-05,-4348.845703125
42936,-3.290222230134532e-05,15104.4697265625
26552,-3.2902225939324126e-05,6233.39990234375
40632,-3.290222957730293e-05,2036.0450439453125
37560,-3.290223321528174e-05,-2528.907958984375
53432,-3.290223685326055e-05,-12662.6806640625
22200,-3.2902240491239354e-05,4239.38525390625
59576,-3.290224412921816e-05,-3504.230224609375
5304,-3.290224776719697e-05,-4064.64794921875
30904,-3.2902251405175775e-05,10701.4384765625
26296,-3.290225504315458e-05,6591.6318359375
50360,-3.290225868113339e-05,-4289.68798828125
24760,-3.2902262319112197e-05,3706.055908203125
9912,-3.2902265957091004e-05,-9925.806640625
23992,-3.290226959506981e-05,356.54913330078125
41656,-3.290227323304862e-05,-23496.416015625
43960,-3.2902276871027425e-05,-1772.2298583984375
2488,-3.290228050900623e-05,2016.6265869140625
27576,-3.290228414698504e-05,17064.267578125
696,-3.2902287784963846e-05,47.084903717041016
17080,-3.290229142294265e-05,-2867.201171875
65464,-3.290229506092146e-05,5205.5771484375
49592,-3.290229869890027e-05,160.16554260253906
43448,-3.2902302336879075e-05,6474.58056640625
10424,-3.290230597485788e-05,5676.4287109375
26808,-3.290230961283669e-05,8533.9326171875
58808,-3.2902313250815496e-05,-10772.4814453125
52152,-3.29023168887943e-05,-2723.64892578125
9144,-3.290232052677311e-05,5500.18017578125
18360,-3.290232416475192e-05,-4250.79345703125
17080,-3.2902327802730724e-05,2078.016845703125
38072,-3.290233144070953e-05,7515.21044921875
56760,-3.290233507868834e-05,-1010.5107421875
12984,-3.2902338716667145e-05,-7192.3740234375
34488,-3.290234235464595e-05,11808.6484375
8376,-3.290234599262476e-05,-15627.58984375
51896,-3.290234963060357e-05,-3653.775390625
48312,-3.2902353268582374e-05,5485.41162109375
47288,-3.290235690656118e-05,6464.01318359375
6584,-3.290236054453999e-05,2498.1982421875
12728,-3.2902364182518795e-05,2358.936279296875
58040,-3.29023678204976e-05,-2701.9443359375
44472,-3.290237145847641e-05,4198.40673828125
57528,-3.2902375096455216e-05,7450.36474609375
9912,-3.2902378734434023e-05,17917.07421875
39608,-3.290238237241283e-05,-8647.6376953125
37048,-3.290238601039164e-05,1141.4761962890625
52920,-3.2902389648370445e-05,-5585.97705078125
21176,-3.290239328634925e-05,9006.40234375
53432,-3.290239692432806e-05,6170.17919921875
53176,-3.2902400562306866e-05,8960.89453125
12216,-3.290240420028567e-05,6149.158203125
18360,-3.290240783826448e-05,1729.9921875
12472,-3.290241147624329e-05,45321.3203125
33720,-3.2902415114222094e-05,-16391.248046875
59832,-3.29024187522009e-05,2960.126220703125
20152,-3.290242239017971e-05,20491.353515625
1720,-3.2902426028158516e-05,2525.39599609375
40120,-3.290242966613732e-05,6600.5888671875
1720,-3.290243330411613e-05,-2118.322265625
38072,-3.290243694209494e-05,-9682.5751953125
60088,-3.2902440580073744e-05,-1796.898681640625
60344,-3.290244421805255e-05,-4505.14111328125
18872,-3.290244785603136e-05,3094.296875
18616,-3.2902451494010165e-05,14496.728515625
12472,-3.290245513198897e-05,-6003.962890625
54456,-3.290245876996778e-05,5191.1884765625
49848,-3.2902462407946587e-05,1038.41357421875
46776,-3.2902466045925394e-05,1253.573974609375
64952,-3.29024696839042e-05,1585.8258056640625
34744,-3.290247332188301e-05,1171.37841796875
11448,-3.2902476959861815e-05,8165.41015625
15800,-3.290248059784062e-05,3955.75390625
14520,-3.290248423581943e-05,2159.614501953125
52664,-3.2902487873798236e-05,10424.1279296875
29624,-3.290249151177704e-05,11012.7060546875
65464,-3.290249514975585e-05,5510.0458984375
12984,-3.290249878773466e-05,6190.5947265625
7864,-3.2902502425713465e-05,1695.552001953125
50104,-3.290250606369227e-05,7587.41259765625
952,-3.290250970167108e-05,-11159.4208984375
11704,-3.2902513339649886e-05,-5535.58984375
14520,-3.290251697762869e-05,5257.6689453125
16568,-3.29025206156075e-05,4701.71826171875
17336,-3.290252425358631e-05,4762.61962890625
30904,-3.2902527891565114e-05,8782.64453125
53432,-3.290253152954392e-05,3806.0732421875
27320,-3.290253516752273e-05,10509.21875
20152,-3.2902538805501536e-05,3111.14306640625
25016,-3.290254244348034e-05,-4847.130859375
5304,-3.290254608145915e-05,11553.9814453125
5048,-3.290254971943796e-05,7557.884765625
45752,-3.2902553357416764e-05,-2833.77392578125
50872,-3.290255699539557e-05,-10014.015625
34232,-3.290256063337438e-05,-12597.50390625
42680,-3.2902564271353185e-05,5047.09814453125
35256,-3.290256790933199e-05,2464.15966796875
23224,-3.29025715473108e-05,12818.880859375
20408,-3.2902575185289606e-05,-7015.93359375
28344,-3.2902578823268414e-05,8211.7783203125
35512,-3.290258246124722e-05,6509.580078125
17080,-3.290258609922603e-05,3586.506103515625
41144,-3.2902589737204835e-05,2942.9853515625
61368,-3.290259337518364e-05,3867.68310546875
8120,-3.290259701316245e-05,16039.2744140625
5816,-3.2902600651141256e-05,-94569.3203125
440,-3.290260428912006e-05,12213.2666015625
44216,-3.290260792709887e-05,-7963.73974609375
38840,-3.290261156507768e-05,-6614.72412109375
37304,-3.2902615203056484e-05,2681.844482421875
33720,-3.290261884103529e-05,5485.1748046875
11960,-3.29026224790141e-05,9845.7060546875
63160,-3.2902626116992906e-05,-6929.84716796875
5048,-3.290262975497171e-05,3913.22705078125
29368,-3.290263339295052e-05,-6248.18408203125
15032,-3.290263703092933e-05,2462.421630859375
55992,-3.2902640668908134e-05,-4316.66064453125
9656,-3.290264430688694e-05,2998.19287109375
46520,-3.290264794486575e-05,3116.88525390625
24504,-3.2902651582844555e-05,-2658.1708984375
5560,-3.290265522082336e-05,4432.40576171875
35256,-3.290265885880217e-05,7115.18359375
22200,-3.290266249678098e-05,3406.638427734375
14520,-3.2902666134759784e-05,-2133.815673828125
21688,-3.290266977273859e-05,10725.083984375
16568,-3.29026734107174e-05,3950.486083984375
60600,-3.2902677048696205e-05,2349.898681640625
57016,-3.290268068667501e-05,5126.83349609375
44216,-3.290268432465382e-05,1379.8624267578125
49848,-3.2902687962632626e-05,6931.6767578125
4024,-3.290269160061143e-05,4421.08056640625
38840,-3.290269523859024e-05,-1768.404541015625
47800,-3.290269887656905e-05,3366.659912109375
5816,-3.2902702514547855e-05,-5042.14306640625
34232,-3.290270615252666e-05,8271.65625
49592,-3.290270979050547e-05,5575.35498046875
41400,-3.2902713428484276e-05,4292.740234375
15800,-3.290271706646308e-05,7930.46044921875
38584,-3.290272070444189e-05,1627.1700439453125
4536,-3.29027243424207e-05,4827.9033203125
6584,-3.2902727980399504e-05,2912.7119140625
696,-3.290273161837831e-05,-1691.9576416015625
38072,-3.290273525635712e-05,6077.97021484375
46776,-3.2902738894335926e-05,2228.83447265625
24248,-3.290274253231473e-05,-7009.66259765625
58040,-3.290274617029354e-05,5669.73046875
24248,-3.290274980827235e-05,3588.666015625
12728,-3.2902753446251154e-05,-1793.3970947265625
7352,-3.290275708422996e-05,-3781.9775390625
4536,-3.290276072220877e-05,8558.517578125
11960,-3.2902764360187575e-05,2984.22998046875
55736,-3.290276799816638e-05,4738.83251953125
12728,-3.290277163614519e-05,4923.7001953125
32696,-3.2902775274123996e-05,-3248.67529296875
57016,-3.2902778912102804e-05,6075.3271484375
63416,-3.290278255008161e-05,3864.42578125
24504,-3.290278618806042e-05,8981.8173828125
28344,-3.2902789826039225e-05,3640.195556640625
2232,-3.290279346401803e-05,-4707.7763671875
40632,-3.290279710199684e-05,6144.3984375
57784,-3.2902800739975646e-05,-3389.681640625
53688,-3.290280437795445e-05,-5167.52001953125
50104,-3.290280801593326e-05,4370.09521484375
52664,-3.290281165391207e-05,-0.16826178133487701
21176,-3.2902815291890875e-05,2358.642333984375
8888,-3.290281892986968e-05,12073.0244140625
61624,-3.290282256784849e-05,5347.49560546875
14008,-3.2902826205827296e-05,-3669.17529296875
32696,-3.29028298438061e-05,-1401.2996826171875
44984,-3.290283348178491e-05,5626.62255859375
19640,-3.290283711976372e-05,4890.677734375
22968,-3.2902840757742524e-05,2374.309326171875
45240,-3.290284439572133e-05,3449.978515625
16568,-3.290284803370014e-05,-11025.1416015625
15288,-3.2902851671678945e-05,1755.587158203125
52920,-3.290285530965775e-05,-8132.21142578125
60856,-3.290285894763656e-05,-510.9587707519531
33208,-3.290286258561537e-05,5192.64990234375
24760,-3.2902866223594174e-05,-3478.0751953125
38584,-3.290286986157298e-05,-3162.73291015625
12728,-3.290287349955179e-05,-13232.3662109375
54200,-3.2902877137530595e-05,5224.814453125
21688,-3.29028807755094e-05,15379.5458984375
54456,-3.290288441348821e-05,4490.7685546875
53688,-3.2902888051467016e-05,-6439.0703125
1464,-3.2902891689445823e-05,4685.05615234375
31416,-3.290289532742463e-05,9564.607421875
15032,-3.290289896540344e-05,-8379.9765625
60600,-3.2902902603382245e-05,3350.86962890625
57528,-3.290290624136105e-05,2606.6943359375
14008,-3.290290987933986e-05,3718.111572265625
51384,-3.2902913517318666e-05,10126.375
50360,-3.290291715529747e-05,4692.52734375
12728,-3.290292079327628e-05,-9852.8388671875
41912,-3.290292443125509e-05,42356.3671875
2488,-3.2902928069233894e-05,-1165.2071533203125
22456,-3.29029317072127e-05,20254.60546875
29624,-3.290293534519151e-05,2639.8173828125
23480,-3.2902938983170316e-05,3720.63037109375
29880,-3.290294262114912e-05,1961.2806396484375
55736,-3.290294625912793e-05,-254.62234497070312
19384,-3.290294989710674e-05,-7427.06494140625
62904,-3.2902953535085544e-05,-2892.095947265625
61112,-3.290295717306435e-05,8156.88037109375
17592,-3.290296081104316e-05,6119.64501953125
29624,-3.2902964449021965e-05,1877.9195556640625
22712,-3.290296808700077e-05,4281.416015625
440,-3.290297172497958e-05,-5714.09130859375
7864,-3.2902975362958387e-05,-9158.84375
51384,-3.2902979000937194e-05,10304.68359375
48056,-3.2902982638916e-05,3878.169189453125
3000,-3.290298627689481e-05,-2724.00244140625
49080,-3.2902989914873615e-05,4375.6015625
20408,-3.290299355285242e-05,379.904296875
5816,-3.290299719083123e-05,-44351.5703125
17592,-3.2903000828810036e-05,33664.26953125
50104,-3.290300446678884e-05,52964.05859375
54200,-3.290300810476765e-05,11703.3740234375
2232,-3.290301174274646e-05,9131.0458984375
44216,-3.2903015380725265e-05,19604.87890625
41144,-3.290301901870407e-05,3735.83203125
29880,-3.290302265668288e-05,18155.896484375
43192,-3.2903026294661686e-05,-103.31388854980469
12472,-3.290302993264049e-05,80.24022674560547
55224,-3.29030335706193e-05,-10574.2978515625
27064,-3.290303720859811e-05,-2824.484130859375
12472,-3.2903040846576914e-05,5073.11865234375
22200,-3.290304448455572e-05,3002.766845703125
16056,-3.290304812253453e-05,3128.23486328125
57784,-3.2903051760513335e-05,-13327.7138671875
3768,-3.290305539849214e-05,1038.6181640625
64696,-3.290305903647095e-05,-22050.560546875
20920,-3.290306267444976e-05,7233.3681640625
29880,-3.2903066312428564e-05,-8504.35546875
4792,-3.290306995040737e-05,-8215.740234375
62392,-3.2901763916015625e-05,-322215.3125
53432,-3.290176755399443e-05,348186.125
41912,-3.290177119197324e-05,262907.65625
59576,-3.2901774829952046e-05,-2623017.5
29624,-3.290177846793085e-05,890954.1875
24504,-3.290178210590966e-05,558603.75
63672,-3.290178574388847e-05,-1346293.25
42168,-3.2901789381867275e-05,-429224.84375
21944,-3.290179301984608e-05,-62616.88671875
45752,-3.290179665782489e-05,90840.84375
13752,-3.2901800295803696e-05,621985.875
22200,-3.29018039337825e-05,-98858.671875
61112,-3.290180757176131e-05,5973634.5
2744,-3.290181120974012e-05,-383884.96875
41144,-3.2901814847718924e-05,563206.1875
8376,-3.290181848569773e-05,-210397.28125
42424,-3.290182212367654e-05,391741.6875
30136,-3.2901825761655346e-05,729067.9375
17592,-3.290182939963415e-05,-801493.875
10680,-3.290183303761296e-05,-38099.12109375
16824,-3.290183667559177e-05,669553.625
32184,-3.2901840313570574e-05,-196620.640625
20664,-3.290184395154938e-05,5177455.0
14264,-3.290184758952819e-05,-400831.625
8632,-3.2901851227506995e-05,-536990.25
184,-3.29018548654858e-05,-292878.3125
55992,-3.290185850346461e-05,173040.125
36024,-3.2901862141443416e-05,32037.734375
36792,-3.2901865779422224e-05,1079073.875
60856,-3.290186941740103e-05,-286490.90625
39864,-3.290187305537984e-05,-465216.3125
29112,-3.2901876693358645e-05,178341.53125
47544,-3.290188033133745e-05,270813.1875
37304,-3.290188396931626e-05,-666425.0
16312,-3.2901887607295066e-05,-580543.3125
3256,-3.290189124527387e-05,-1382762.375
61368,-3.290189488325268e-05,331282.03125
48056,-3.290189852123149e-05,132807.890625
40120,-3.2901902159210294e-05,1349625.375
11192,-3.29019057971891e-05,422117.71875
3000,-3.290190943516791e-05,-1089014.375
696,-3.2901913073146716e-05,708439.25
36536,-3.290191671112552e-05,1142037.0
3000,-3.290192034910433e-05,1790167.125
20920,-3.290192398708314e-05,-682613.0
5304,-3.2901927625061944e-05,502547.84375
44472,-3.290193126304075e-05,532144.25
47800,-3.290193490101956e-05,74077.53125
16824,-3.2901938538998365e-05,-877947.3125
65208,-3.290194217697717e-05,773501.9375
36280,-3.290194581495598e-05,544211.75
13752,-3.290194945293479e-05,1327354.5
31672,-3.2901953090913594e-05,371011.5625
5816,-3.29019567288924e-05,435855.40625
19384,-3.290196036687121e-05,617857.5
8632,-3.2901964004850015e-05,359509.1875
52664,-3.290196764282882e-05,2237096.0
50360,-3.290197128080763e-05,-419521.65625
12216,-3.2901974918786436e-05,1786435.625
47288,-3.2901978556765243e-05,-421488.71875
50104,-3.290198219474405e-05,2756769.25
44216,-3.290198583272286e-05,-675511.5625
18616,-3.2901989470701665e-05,626177.5625
3000,-3.290199310868047e-05,851543.0625
13752,-3.290199674665928e-05,498854.53125
19896,-3.2902000384638086e-05,448568.34375
52920,-3.290200402261689e-05,593752.375
54712,-3.29020076605957e-05,1263125.125
13496,-3.290201129857451e-05,-1403519.75
32952,-3.2902014936553314e-05,240766.4375
44728,-3.290201857453212e-05,725591.75
47544,-3.290202221251093e-05,-443456.34375
4792,-3.2902025850489736e-05,1293332.25
45496,-3.290202948846854e-05,610240.125
19896,-3.290203312644735e-05,-1256150.25
60344,-3.290203676442616e-05,658499.0625
35768,-3.2902040402404964e-05,-2117448.5
48056,-3.290204404038377e-05,-709966.0625
17336,-3.290204767836258e-05,142217.421875
45240,-3.2902051316341385e-05,-238764.421875
28344,-3.290205495432019e-05,-1909850.375
52152,-3.2902058592299e-05,776621.125
31416,-3.2902062230277807e-05,-76655.265625
16568,-3.2902065868256614e-05,-273385.125
35768,-3.290206950623542e-05,-213904.1875
63160,-3.290207314421423e-05,-397233.4375
1464,-3.2902076782193035e-05,-273753.75
46776,-3.290208042017184e-05,-125259.484375
17848,-3.290208405815065e-05,-166298.515625
22712,-3.2902087696129456e-05,-63930.515625
38328,-3.290209133410826e-05,-69454.3359375
52408,-3.290209497208707e-05,3094.658447265625
5560,-3.290209861006588e-05,14486.9169921875
17848,-3.2902102248044685e-05,3513.154541015625
51128,-3.290210588602349e-05,-17435.087890625
20664,-3.29021095240023e-05,-18268.681640625
8120,-3.2902113161981106e-05,-42209.9296875
33976,-3.290211679995991e-05,3313.1162109375
7096,-3.290212043793872e-05,23124.384765625
26296,-3.290212407591753e-05,-6934.58203125
440,-3.2902127713896334e-05,7776.0517578125
50360,-3.290213135187514e-05,-20933.63671875
29624,-3.290213498985395e-05,-7486.5634765625
19128,-3.2902138627832755e-05,-12786.240234375
16312,-3.290214226581156e-05,27652.357421875
26296,-3.290214590379037e-05,1348.44482421875
42936,-3.290214954176918e-05,-19155.212890625
53432,-3.2902153179747984e-05,-1517.4627685546875
21432,-3.290215681772679e-05,400.778564453125
9656,-3.29021604557056e-05,-4995.93408203125
18616,-3.2902164093684405e-05,-8573.8291015625
5304,-3.290216773166321e-05,-27477.435546875
2232,-3.290217136964202e-05,-29789.63671875
28088,-3.2902175007620826e-05,-23764.1953125
40888,-3.2902178645599633e-05,-21801.123046875
29624,-3.290218228357844e-05,-19857.345703125
36792,-3.290218592155725e-05,-18472.224609375
58552,-3.2902189559536055e-05,-13493.0595703125
1464,-3.290219319751486e-05,-17412.4296875
47032,-3.290219683549367e-05,-12702.3759765625
9912,-3.2902200473472476e-05,339567.65625
20664,-3.290220411145128e-05,-127404.515625
30648,-3.290220774943009e-05,116992.0234375
12728,-3.29022113874089e-05,4649.5576171875
36792,-3.2902215025387704e-05,-265889.84375
29880,-3.290221866336651e-05,-231886.6875
47544,-3.290222230134532e-05,369743.15625
38584,-3.2902225939324126e-05,1120099.875
22200,-3.290222957730293e-05,-480041.8125
45240,-3.290223321528174e-05,-863884.8125
25016,-3.290223685326055e-05,608411.6875
10168,-3.2902240491239354e-05,393923.0625
24504,-3.290224412921816e-05,1363639.875
57528,-3.290224776719697e-05,344203.5625
30392,-3.2902251405175775e-05,75622.5390625
14520,-3.290225504315458e-05,-448146.15625
1720,-3.290225868113339e-05,-59215.96875
31160,-3.2902262319112197e-05,430655.0
46008,-3.2902265957091004e-05,167635.03125
10168,-3.290226959506981e-05,500709.59375
62648,-3.290227323304862e-05,-17623.759765625
5048,-3.2902276871027425e-05,-328099.125
35256,-3.290228050900623e-05,450039.96875
27832,-3.290228414698504e-05,277310.34375
54968,-3.2902287784963846e-05,397607.75
20152,-3.290229142294265e-05,915182.4375
40120,-3.290229506092146e-05,429518.1875
34744,-3.290229869890027e-05,252891.28125
38840,-3.2902302336879075e-05,494355.5
55736,-3.290230597485788e-05,12026884.0
11448,-3.290230961283669e-05,-258646.96875
61624,-3.2902313250815496e-05,-266814.1875
30648,-3.29023168887943e-05,-937206.3125
21688,-3.290232052677311e-05,-7868.20361328125
59320,-3.290232416475192e-05,-1295713.625
11960,-3.2902327802730724e-05,-802744.3125
62904,-3.290233144070953e-05,-261339.859375
5816,-3.290233507868834e-05,-124196.25
56760,-3.2902338716667145e-05,692622.125
26808,-3.290234235464595e-05,-663490.875
15800,-3.290234599262476e-05,-673042.6875
64184,-3.290234963060357e-05,258636.140625
39352,-3.2902353268582374e-05,483280.1875
6584,-3.290235690656118e-05,911770.875
6840,-3.290236054453999e-05,-987373.625
30136,-3.2902364182518795e-05,517123.4375
43704,-3.29023678204976e-05,3862707.5
36280,-3.290237145847641e-05,793467.3125
49592,-3.2902375096455216e-05,2496549.0
60088,-3.2902378734434023e-05,419139.34375
50616,-3.290238237241283e-05,-965116.9375
26296,-3.290238601039164e-05,978049.9375
21944,-3.2902389648370445e-05,25882.4453125
6328,-3.290239328634925e-05,355671.0625
26296,-3.290239692432806e-05,467400.78125
40888,-3.2902400562306866e-05,-404242.875
8888,-3.290240420028567e-05,162656.921875
52152,-3.290240783826448e-05,860624.125
46520,-3.290241147624329e-05,243790.84375
38072,-3.2902415114222094e-05,-2059904.0
7608,-3.29024187522009e-05,-1665981.625
16824,-3.290242239017971e-05,-7438.16064453125
60088,-3.2902426028158516e-05,213181.25
30136,-3.290242966613732e-05,364656.71875
40376,-3.290243330411613e-05,662907.0
50616,-3.290243694209494e-05,1602541.875
16312,-3.2902440580073744e-05,1616.8055419921875
32696,-3.290244421805255e-05,407513.28125
38328,-3.290244785603136e-05,-2242337.25
64696,-3.2902451494010165e-05,931979.1875
64952,-3.290245513198897e-05,570255.75
26808,-3.290245876996778e-05,662307.0625
17848,-3.2902462407946587e-05,-4562559.0
30392,-3.2902466045925394e-05,-1102117.75
7352,-3.29024696839042e-05,-744954.125
34488,-3.290247332188301e-05,-2348935.5
24760,-3.2902476959861815e-05,-688874.125
5816,-3.290248059784062e-05,-1246575.0
9144,-3.290248423581943e-05,-245411.859375
42936,-3.2902487873798236e-05,80204.3125
38840,-3.290249151177704e-05,368873.78125
3256,-3.290249514975585e-05,276490.375
9912,-3.290249878773466e-05,6386.63818359375
50360,-3.2902502425713465e-05,-302761.59375
21432,-3.290250606369227e-05,-257252.5
31672,-3.290250970167108e-05,-611738.875
55480,-3.2902513339649886e-05,-178934.46875
5048,-3.290251697762869e-05,-162911.03125
32952,-3.29025206156075e-05,-86579.8828125
7096,-3.290252425358631e-05,-110751.1328125
36536,-3.2902527891565114e-05,-10010.689453125
27832,-3.290253152954392e-05,-63425.90234375
12472,-3.290253516752273e-05,-46965.328125
54456,-3.2902538805501536e-05,15908.42578125
32440,-3.290254244348034e-05,-28668.478515625
10424,-3.290254608145915e-05,-30409.240234375
63416,-3.290254971943796e-05,6578.1533203125
27320,-3.2902553357416764e-05,5985.962890625
53176,-3.290255699539557e-05,-5119.931640625
27832,-3.290256063337438e-05,119.75779724121094
22456,-3.2902564271353185e-05,20068.234375
3768,-3.290256790933199e-05,-2543.008544921875
4536,-3.29025715473108e-05,18035.259765625
7352,-3.2902575185289606e-05,-27466.263671875
30904,-3.2902578823268414e-05,2243.21044921875
15288,-3.290258246124722e-05,-20002.978515625
42680,-3.290258609922603e-05,-15123.751953125
42680,-3.2902589737204835e-05,-21346.76171875
53688,-3.290259337518364e-05,-12089.3603515625
42680,-3.290259701316245e-05,-13654.357421875
16056,-3.2902600651141256e-05,2381.7578125
52152,-3.290260428912006e-05,-16056.861328125
53944,-3.290260792709887e-05,-29792.30078125
11960,-3.290261156507768e-05,-24197.919921875
6584,-3.2902615203056484e-05,-18415.076171875
46008,-3.290261884103529e-05,-26528.439453125
50360,-3.29026224790141e-05,-14629.693359375
52408,-3.2902626116992906e-05,-6298.79541015625
15544,-3.290262975497171e-05,-7781.689453125
17080,-3.290263339295052e-05,-9519.11328125
5816,-3.290263703092933e-05,-1386155.375
55736,-3.2902640668908134e-05,675468.1875
5816,-3.290264430688694e-05,-317246.28125
5048,-3.290264794486575e-05,527014.875
44472,-3.2902651582844555e-05,392676.625
21176,-3.290265522082336e-05,-214603.5
29368,-3.290265885880217e-05,-706130.1875
952,-3.290266249678098e-05,367548.0
36792,-3.2902666134759784e-05,630423.1875
14520,-3.290266977273859e-05,-104063.203125
696,-3.29026734107174e-05,-107189.2890625
43192,-3.2902677048696205e-05,373719.6875
22712,-3.290268068667501e-05,256679.296875
57016,-3.290268432465382e-05,-327222.09375
43448,-3.2902687962632626e-05,-837200.3125
27576,-3.290269160061143e-05,1138784.25
32184,-3.290269523859024e-05,524515.9375
46008,-3.290269887656905e-05,490642.5625
33464,-3.2902702514547855e-05,360355.53125
49848,-3.290270615252666e-05,-1134224.125
20664,-3.290270979050547e-05,990540.625
4024,-3.2902713428484276e-05,288267.53125
11960,-3.290271706646308e-05,1814947.0
63160,-3.290272070444189e-05,-200428.671875
65208,-3.29027243424207e-05,1123578.875
32184,-3.2902727980399504e-05,-1196495.25
19640,-3.290273161837831e-05,-33885.12890625
29112,-3.290273525635712e-05,772375.5
44472,-3.2902738894335926e-05,-252088.3125
35256,-3.290274253231473e-05,-5021631.5
31928,-3.290274617029354e-05,2249265.75
37560,-3.290274980827235e-05,-1014433.9375
32696,-3.2902753446251154e-05,-848.2916259765625
40376,-3.290275708422996e-05,317578.375
40376,-3.290276072220877e-05,987942.0625
10168,-3.2902764360187575e-05,1049400.75
29624,-3.290276799816638e-05,1281663.25
51128,-3.290277163614519e-05,-838458.75
48056,-3.2902775274123996e-05,89591.2109375
56248,-3.2902778912102804e-05,-17519.611328125
61112,-3.290278255008161e-05,504773.09375
17848,-3.290278618806042e-05,223901.75
47288,-3.2902789826039225e-05,-212164.484375
38328,-3.290279346401803e-05,2162793.75
65208,-3.290279710199684e-05,-872362.625
28344,-3.2902800739975646e-05,566701.6875
35256,-3.290280437795445e-05,265916.84375
59832,-3.290280801593326e-05,1949837.125
9656,-3.290281165391207e-05,-5320054.0
55992,-3.2902815291890875e-05,314006.34375
23992,-3.290281892986968e-05,423542.84375
21944,-3.290282256784849e-05,-216495.71875
1208,-3.2902826205827296e-05,-1100422.5
27064,-3.29028298438061e-05,248790.421875
34488,-3.290283348178491e-05,1270228.125
52152,-3.290283711976372e-05,534055.3125
10680,-3.2902840757742524e-05,635918.5625
17848,-3.290284439572133e-05,-335016.4375
40632,-3.290284803370014e-05,-154883.984375
14776,-3.2902851671678945e-05,-1215773.375
37048,-3.290285530965775e-05,-363052.40625
12728,-3.290285894763656e-05,230243.859375
38840,-3.290286258561537e-05,31960.607421875
10168,-3.2902866223594174e-05,635063.9375
64440,-3.290286986157298e-05,505926.8125
43192,-3.290287349955179e-05,761930.875
12984,-3.2902877137530595e-05,-1076035.125
61112,-3.29028807755094e-05,-1443920.25
62648,-3.290288441348821e-05,3575253.25
35256,-3.2902888051467016e-05,414174.15625
59064,-3.2902891689445823e-05,-1865807.375
3768,-3.290289532742463e-05,1720873.5
2232,-3.290289896540344e-05,321958.15625
33208,-3.2902902603382245e-05,1155429.75
49592,-3.290290624136105e-05,-454285.3125
31672,-3.290290987933986e-05,246369.8125
50872,-3.2902913517318666e-05,1115340.25
15032,-3.290291715529747e-05,-41309.38671875
12728,-3.290292079327628e-05,516910.8125
26552,-3.290292443125509e-05,1338977.375
48568,-3.2902928069233894e-05,-281364.75
19640,-3.29029317072127e-05,-286099.6875
57272,-3.290293534519151e-05,-1048143.0
1720,-3.2902938983170316e-05,-104009.1796875
58552,-3.290294262114912e-05,-262609.40625
41400,-3.290294625912793e-05,-282424.375
59320,-3.290294989710674e-05,-157150.703125
57272,-3.2902953535085544e-05,-147415.640625
61112,-3.290295717306435e-05,-104096.6171875
9912,-3.290296081104316e-05,-58479.98828125
23480,-3.2902964449021965e-05,-34802.86328125
440,-3.290296808700077e-05,-37596.2578125
46008,-3.290297172497958e-05,-12753.9365234375
51640,-3.2902975362958387e-05,-90617.90625
56760,-3.2902979000937194e-05,-49893.73046875
3768,-3.2902982638916e-05,19360.720703125
5048,-3.290298627689481e-05,109812.84375
36280,-3.2902989914873615e-05,9797.5205078125
30392,-3.290299355285242e-05,16288.4892578125
18104,-3.290299719083123e-05,-7612.46533203125
38584,-3.2903000828810036e-05,15724.6953125
54456,-3.290300446678884e-05,1649.888671875
49336,-3.290300810476765e-05,1586.7418212890625
26552,-3.290301174274646e-05,-1191.5252685546875
29368,-3.2903015380725265e-05,12018.4072265625
57528,-3.290301901870407e-05,-8566.7626953125
21688,-3.290302265668288e-05,-15110.6337890625
27832,-3.2903026294661686e-05,32075.87890625
44728,-3.290302993264049e-05,4912.708984375
41912,-3.29030335706193e-05,-2583.037353515625
19896,-3.290303720859811e-05,-6289.66796875
39352,-3.2903040846576914e-05,-1518.5618896484375
64184,-3.290304448455572e-05,-30742.857421875
36792,-3.290304812253453e-05,-19456.046875
52920,-3.2903051760513335e-05,-31411.7421875
18872,-3.290305539849214e-05,-17607.390625
58552,-3.290305903647095e-05,-17233.8984375
18872,-3.290306267444976e-05,-2948.888671875
8376,-3.2903066312428564e-05,-9596.3935546875
11448,-3.290306995040737e-05,-31519.11328125
39352,-3.2901763916015625e-05,-18306552.0
36280,-3.290176755399443e-05,49250092.0
12472,-3.290177119197324e-05,-36799836.0
4536,-3.2901774829952046e-05,47761380.0
40120,-3.290177846793085e-05,15224624.0
61880,-3.290178210590966e-05,-4537378.0
10168,-3.290178574388847e-05,-12144182.0
28344,-3.2901789381867275e-05,33385102.0
16312,-3.290179301984608e-05,-9935011.0
19896,-3.290179665782489e-05,-9254942.0
57528,-3.2901800295803696e-05,5442590.5
44728,-3.29018039337825e-05,-83908704.0
1976,-3.290180757176131e-05,-2131169.5
50616,-3.290181120974012e-05,-64544876.0
25528,-3.2901814847718924e-05,197473.828125
12728,-3.290181848569773e-05,18578772.0
2488,-3.290182212367654e-05,25321826.0
50104,-3.2901825761655346e-05,-22836094.0
12984,-3.290182939963415e-05,18688088.0
48056,-3.290183303761296e-05,1180184.5
35768,-3.290183667559177e-05,22972466.0
11960,-3.2901840313570574e-05,47702100.0
33720,-3.290184395154938e-05,4092603.0
37304,-3.290184758952819e-05,23230924.0
29112,-3.2901851227506995e-05,2551714.75
64696,-3.29018548654858e-05,-5154836.0
43960,-3.290185850346461e-05,1297873.25
23480,-3.2901862141443416e-05,5823380.0
15800,-3.2901865779422224e-05,35191760.0
39864,-3.290186941740103e-05,-19904562.0
21432,-3.290187305537984e-05,11802281.0
59064,-3.2901876693358645e-05,5591839.0
54968,-3.290188033133745e-05,19455316.0
49592,-3.290188396931626e-05,6106220.5
64952,-3.2901887607295066e-05,22321726.0
36280,-3.290189124527387e-05,9984278.0
48568,-3.290189488325268e-05,3714653.75
40376,-3.290189852123149e-05,5112379.5
61112,-3.2901902159210294e-05,-984033.625
4024,-3.29019057971891e-05,1164397.625
2744,-3.290190943516791e-05,-16049826.0
58552,-3.2901913073146716e-05,-41569872.0
22456,-3.290191671112552e-05,5886050.0
12216,-3.290192034910433e-05,814235.625
8376,-3.290192398708314e-05,9366133.0
53432,-3.2901927625061944e-05,-9438530.0
21944,-3.290193126304075e-05,8483693.0
38328,-3.290193490101956e-05,-11927694.0
58552,-3.2901938538998365e-05,13956121.0
31160,-3.290194217697717e-05,-1693851.5
28088,-3.290194581495598e-05,-2636376.75
63416,-3.290194945293479e-05,-11499018.0
58296,-3.2901953090913594e-05,-3174090.0
64440,-3.29019567288924e-05,-1724161.0
51640,-3.290196036687121e-05,-1222901.375
40632,-3.2901964004850015e-05,807818.375
33208,-3.290196764282882e-05,-1134495.0
3256,-3.290197128080763e-05,-130590.3203125
52408,-3.2901974918786436e-05,-478219.4375
64952,-3.2901978556765243e-05,-1755405.625
52408,-3.290198219474405e-05,-1523516.375
31672,-3.290198583272286e-05,-2852734.25
28600,-3.2901989470701665e-05,13255.544921875
10936,-3.290199310868047e-05,-5037910.0
45496,-3.290199674665928e-05,-20817460.0
16824,-3.2902000384638086e-05,15826555.0
32696,-3.290200402261689e-05,-13014069.0
20408,-3.29020076605957e-05,-1494819.25
38072,-3.290201129857451e-05,-2840874.75
7608,-3.2902014936553314e-05,1462100.5
952,-3.290201857453212e-05,2829309.25
38072,-3.290202221251093e-05,-11584967.0
48824,-3.2902025850489736e-05,-7963460.5
9656,-3.290202948846854e-05,5704490.5
48824,-3.290203312644735e-05,-2053297.75
4280,-3.290203676442616e-05,-1239794.5
8120,-3.2902040402404964e-05,-3321253.25
57528,-3.290204404038377e-05,-1768155.25
7352,-3.290204767836258e-05,-1344821.5
35000,-3.2902051316341385e-05,-796020.5625
38328,-3.290205495432019e-05,-389445.34375
43192,-3.2902058592299e-05,-527214.5625
11448,-3.2902062230277807e-05,-424650.28125
44728,-3.2902065868256614e-05,-350844.625
44984,-3.290206950623542e-05,-337585.375
28600,-3.290207314421423e-05,-241260.25
58808,-3.2902076782193035e-05,-197573.921875
41912,-3.290208042017184e-05,-156964.078125
56760,-3.290208405815065e-05,-124415.984375
54456,-3.2902087696129456e-05,-131530.546875
40888,-3.290209133410826e-05,-83323.7734375
62136,-3.290209497208707e-05,-63037.890625
19128,-3.290209861006588e-05,-42389.09765625
17592,-3.2902102248044685e-05,-62854.94140625
47032,-3.290210588602349e-05,-69752.875
59064,-3.29021095240023e-05,-34073.64453125
51896,-3.2902113161981106e-05,-39916.09765625
65464,-3.290211679995991e-05,-44569.1875
42168,-3.290212043793872e-05,-26157.490234375
15288,-3.290212407591753e-05,-20932.212890625
7864,-3.2902127713896334e-05,-17701.783203125
22456,-3.290213135187514e-05,-10828.9287109375
23736,-3.290213498985395e-05,-24819.16015625
43960,-3.2902138627832755e-05,-29252.109375
52152,-3.290214226581156e-05,-33449.68359375
46776,-3.290214590379037e-05,-21105.158203125
61368,-3.290214954176918e-05,-2923.761962890625
31672,-3.2902153179747984e-05,-12815.8779296875
48568,-3.290215681772679e-05,-17872.07421875
61112,-3.29021604557056e-05,-12136.306640625
696,-3.2902164093684405e-05,-28671.791015625
64184,-3.290216773166321e-05,-11727.0078125
58296,-3.290217136964202e-05,-29253.173828125
43448,-3.2902175007620826e-05,-3154.008544921875
16824,-3.2902178645599633e-05,-11705.771484375
42680,-3.290218228357844e-05,-13290.197265625
54712,-3.290218592155725e-05,-12281.646484375
51128,-3.2902189559536055e-05,-3062.560302734375
60600,-3.290219319751486e-05,-3644.949951171875
14264,-3.290219683549367e-05,-8581.544921875
13496,-3.2902200473472476e-05,-10166503.0
43448,-3.290220411145128e-05,-20009940.0
54712,-3.290220774943009e-05,-22587992.0
51896,-3.29022113874089e-05,8466090.0
25784,-3.2902215025387704e-05,2424376.5
64440,-3.290221866336651e-05,37403120.0
35768,-3.290222230134532e-05,17389744.0
11704,-3.2902225939324126e-05,-19995492.0
18616,-3.290222957730293e-05,-14495291.0
13240,-3.290223321528174e-05,11204549.0
32440,-3.290223685326055e-05,-56700780.0
48824,-3.2902240491239354e-05,22234766.0
23736,-3.290224412921816e-05,-66516312.0
15288,-3.290224776719697e-05,171097136.0
59832,-3.2902251405175775e-05,-6834778.0
31928,-3.290225504315458e-05,-5145623.5
30392,-3.290225868113339e-05,4806985.0
54968,-3.2902262319112197e-05,1424937.75
19128,-3.2902265957091004e-05,-31020172.0
56760,-3.290226959506981e-05,-2260408.75
5560,-3.290227323304862e-05,-3740373.0
37816,-3.2902276871027425e-05,-1341554.625
47800,-3.290228050900623e-05,-12736445.0
13240,-3.290228414698504e-05,13513969.0
38584,-3.2902287784963846e-05,4620284.0
47800,-3.290229142294265e-05,10197846.0
41144,-3.290229506092146e-05,7861421.5
47032,-3.290229869890027e-05,-5796723.5
17336,-3.2902302336879075e-05,2461674.5
60088,-3.290230597485788e-05,1642795.375
39864,-3.290230961283669e-05,8753934.0
47032,-3.2902313250815496e-05,-16946616.0
5048,-3.29023168887943e-05,1048013.8125
23224,-3.290232052677311e-05,3415924.25
59320,-3.290232416475192e-05,-3276140.25
28344,-3.2902327802730724e-05,-7869564.0
45752,-3.290233144070953e-05,1276678.75
31416,-3.290233507868834e-05,4960507.5
36280,-3.2902338716667145e-05,-2867948.5
21944,-3.290234235464595e-05,10227043.0
19640,-3.290234599262476e-05,13753627.0
22456,-3.290234963060357e-05,4724423.5
45752,-3.2902353268582374e-05,-8259984.5
32696,-3.290235690656118e-05,-5205812.0
4536,-3.290236054453999e-05,11049724.0
11704,-3.2902364182518795e-05,-1525761.625
43448,-3.29023678204976e-05,-23721822.0
64440,-3.290237145847641e-05,3342793.75
17848,-3.2902375096455216e-05,5996163.0
29112,-3.2902378734434023e-05,-3793425.0
54712,-3.290238237241283e-05,-7382939.5
34232,-3.290238601039164e-05,-486082.21875
64440,-3.2902389648370445e-05,756051.5625
18360,-3.290239328634925e-05,-1262166.0
38840,-3.290239692432806e-05,775544.125
2488,-3.2902400562306866e-05,-60808.83984375
63160,-3.290240420028567e-05,-3152658.25
21432,-3.290240783826448e-05,688768.8125
24760,-3.290241147624329e-05,-2227995.25
24760,-3.2902415114222094e-05,-1368278.875
50616,-3.29024187522009e-05,-1381525.875
18104,-3.290242239017971e-05,-2220520.0
28344,-3.2902426028158516e-05,-351713.90625
35768,-3.290242966613732e-05,3961692.25
40632,-3.290243330411613e-05,-1272943.875
3768,-3.290243694209494e-05,5940922.5
16824,-3.2902440580073744e-05,809878.25
18872,-3.290244421805255e-05,6283523.5
2744,-3.290244785603136e-05,-727463.375
58552,-3.2902451494010165e-05,3621859.0
1720,-3.290245513198897e-05,-5931111.0
25784,-3.290245876996778e-05,-5979067.0
51128,-3.2902462407946587e-05,4759416.5
29368,-3.2902466045925394e-05,-3461281.0
51896,-3.29024696839042e-05,-2137161.0
52664,-3.290247332188301e-05,-3091060.5
4792,-3.2902476959861815e-05,-7044100.5
33464,-3.290248059784062e-05,-1499507.125
37048,-3.290248423581943e-05,-999108.0
62136,-3.2902487873798236e-05,899037.125
50872,-3.290249151177704e-05,-578144.5625
696,-3.290249514975585e-05,-704063.9375
61368,-3.290249878773466e-05,-345613.09375
55992,-3.2902502425713465e-05,-378039.09375
25272,-3.290250606369227e-05,-303449.625
26296,-3.290250970167108e-05,-265140.75
34232,-3.2902513339649886e-05,-213368.84375
15800,-3.290251697762869e-05,-160385.65625
18616,-3.29025206156075e-05,-138357.421875
62648,-3.290252425358631e-05,-115614.0234375
14520,-3.2902527891565114e-05,-114505.8125
35256,-3.290253152954392e-05,-97233.5390625
27320,-3.290253516752273e-05,-63965.8046875
5304,-3.2902538805501536e-05,-25004.109375
65208,-3.290254244348034e-05,-51604.9921875
41656,-3.290254608145915e-05,-27230.0234375
52920,-3.290254971943796e-05,-37768.37109375
41400,-3.2902553357416764e-05,-26170.025390625
62136,-3.290255699539557e-05,-32954.38671875
7352,-3.290256063337438e-05,-31592.140625
38328,-3.2902564271353185e-05,443.2619934082031
1976,-3.290256790933199e-05,-24388.240234375
8888,-3.29025715473108e-05,-25791.314453125
38584,-3.2902575185289606e-05,-19868.361328125
64184,-3.2902578823268414e-05,-17421.939453125
34488,-3.290258246124722e-05,-11375.9609375
45240,-3.290258609922603e-05,-32833.10546875
20408,-3.2902589737204835e-05,-34573.1640625
35768,-3.290259337518364e-05,-10336.234375
9400,-3.290259701316245e-05,-21732.4296875
22968,-3.2902600651141256e-05,-15106.9921875
2744,-3.290260428912006e-05,-15648.4013671875
58808,-3.290260792709887e-05,-26803.55078125
47288,-3.290261156507768e-05,-29360.80859375
20664,-3.2902615203056484e-05,-21096.130859375
63928,-3.290261884103529e-05,-12593.6123046875
56504,-3.29026224790141e-05,-8614.4130859375
23480,-3.2902626116992906e-05,-3939.550537109375
64696,-3.290262975497171e-05,-3169.860595703125
45752,-3.290263339295052e-05,-6807.07373046875
37816,-3.290263703092933e-05,5922158.5
42680,-3.2902640668908134e-05,-58385848.0
10936,-3.290264430688694e-05,-29208278.0
4024,-3.290264794486575e-05,8812049.0
11704,-3.2902651582844555e-05,15168051.0
60856,-3.290265522082336e-05,-421089.46875
47544,-3.290265885880217e-05,73475512.0
52664,-3.290266249678098e-05,-29127242.0
21432,-3.2902666134759784e-05,20118576.0
14008,-3.290266977273859e-05,25500740.0
10168,-3.29026734107174e-05,3563884.0
8376,-3.2902677048696205e-05,-141263.859375
7864,-3.290268068667501e-05,7993498.5
27832,-3.290268432465382e-05,-2018527.25
44216,-3.2902687962632626e-05,1721323.875
3512,-3.290269160061143e-05,-77792192.0
31672,-3.290269523859024e-05,4976454.0
31160,-3.290269887656905e-05,8919150.0
50872,-3.2902702514547855e-05,13926276.0
49592,-3.290270615252666e-05,-15460295.0
31672,-3.290270979050547e-05,-1828986.75
9912,-3.2902713428484276e-05,19790156.0
20920,-3.290271706646308e-05,6746966.0
33464,-3.290272070444189e-05,-16032489.0
50104,-3.29027243424207e-05,9984209.0
4024,-3.2902727980399504e-05,5947811.0
43448,-3.290273161837831e-05,3522878.0
15032,-3.290273525635712e-05,23045704.0
4536,-3.2902738894335926e-05,12070951.0
61624,-3.290274253231473e-05,1943523.375
8376,-3.290274617029354e-05,8824748.0
39352,-3.290274980827235e-05,3462706.5
60856,-3.2902753446251154e-05,4631418.5
19896,-3.290275708422996e-05,7455578.5
16568,-3.290276072220877e-05,998314.875
28856,-3.2902764360187575e-05,-53946224.0
56760,-3.290276799816638e-05,7587568.0
58808,-3.290277163614519e-05,8085068.5
21432,-3.2902775274123996e-05,3995305.0
35256,-3.2902778912102804e-05,-11476012.0
57784,-3.290278255008161e-05,4390654.0
51896,-3.290278618806042e-05,20328.486328125
47544,-3.2902789826039225e-05,1887282.125
39864,-3.290279346401803e-05,-5779558.5
61880,-3.290279710199684e-05,-2506028.75
35256,-3.2902800739975646e-05,12091970.0
20664,-3.290280437795445e-05,-114230.4140625
54968,-3.290280801593326e-05,2468902.25
10680,-3.290281165391207e-05,-1238004.75
2744,-3.2902815291890875e-05,-1092812.125
42680,-3.290281892986968e-05,-6007392.5
22968,-3.290282256784849e-05,-18206242.0
41912,-3.2902826205827296e-05,-3291899.75
6328,-3.29028298438061e-05,-3647263.75
11704,-3.290283348178491e-05,2465261.75
52408,-3.290283711976372e-05,-3087438.25
40888,-3.2902840757742524e-05,-988269.375
40888,-3.290284439572133e-05,-1439255.0
1720,-3.290284803370014e-05,-2906504.25
45752,-3.2902851671678945e-05,-1815923.0
36536,-3.290285530965775e-05,-1039000.0625
33208,-3.290285894763656e-05,-1492502.25
8888,-3.290286258561537e-05,-1969403.875
2232,-3.2902866223594174e-05,960837.625
58040,-3.290286986157298e-05,19683474.0
64696,-3.290287349955179e-05,1650460.25
59064,-3.2902877137530595e-05,-1452268.25
10424,-3.29028807755094e-05,-6414642.5
46008,-3.290288441348821e-05,2329768.5
3000,-3.2902888051467016e-05,-3890467.25
27320,-3.2902891689445823e-05,-2910362.75
43704,-3.290289532742463e-05,5230427.5
60600,-3.290289896540344e-05,-5266265.5
36536,-3.2902902603382245e-05,-1106524.25
35768,-3.290290624136105e-05,-4852080.5
62392,-3.290290987933986e-05,-2426895.0
12472,-3.2902913517318666e-05,-588599.375
50872,-3.290291715529747e-05,-438462.84375
58040,-3.290292079327628e-05,-1896428.0
45752,-3.290292443125509e-05,-1017459.5
2488,-3.2902928069233894e-05,-792066.25
3768,-3.29029317072127e-05,-443086.75
44472,-3.290293534519151e-05,-503784.5625
37560,-3.2902938983170316e-05,-349619.65625
64952,-3.290294262114912e-05,-312133.71875
19384,-3.290294625912793e-05,-259699.515625
23480,-3.290294989710674e-05,-219291.84375
60088,-3.2902953535085544e-05,-164578.765625
57272,-3.290295717306435e-05,-170977.53125
45752,-3.290296081104316e-05,-125778.640625
51896,-3.2902964449021965e-05,-83265.4296875
10424,-3.290296808700077e-05,-70654.984375
64440,-3.290297172497958e-05,-80487.84375
41400,-3.2902975362958387e-05,-79123.9296875
60088,-3.2902979000937194e-05,-61929.37109375
11192,-3.2902982638916e-05,-21226.01171875
22968,-3.290298627689481e-05,-12350.05078125
696,-3.2902989914873615e-05,-37121.5625
14008,-3.290299355285242e-05,-34880.30078125
63416,-3.290299719083123e-05,-17993.841796875
19640,-3.2903000828810036e-05,-54901.30859375
64184,-3.290300446678884e-05,-14107.845703125
63928,-3.290300810476765e-05,-20890.826171875
12472,-3.290301174274646e-05,-53456.61328125
21944,-3.2903015380725265e-05,-27396.484375
2744,-3.290301901870407e-05,-19329.986328125
47800,-3.290302265668288e-05,-18057.587890625
19896,-3.2903026294661686e-05,-12973.43359375
27064,-3.290302993264049e-05,-26047.796875
2488,-3.29030335706193e-05,-8013.17041015625
36792,-3.290303720859811e-05,-1857.6436767578125
9400,-3.2903040846576914e-05,-26205.1484375
43448,-3.290304448455572e-05,-14198.4736328125
54968,-3.290304812253453e-05,-23155.232421875
21688,-3.2903051760513335e-05,-18338.96484375
9144,-3.290305539849214e-05,-17048.24609375
31672,-3.290305903647095e-05,-7471.77392578125
52920,-3.290306267444976e-05,-6353.72021484375
59064,-3.2903066312428564e-05,-13276.7119140625
6840,-3.290306995040737e-05,-10286.1826171875
15032,-3.2901763916015625e-05,4166058.0
8120,-3.290176755399443e-05,-30972250.0
43192,-3.290177119197324e-05,-93916632.0
43448,-3.2901774829952046e-05,114839160.0
25528,-3.290177846793085e-05,11717353.0
952,-3.290178210590966e-05,-27712198.0
49592,-3.290178574388847e-05,-104790872.0
33208,-3.2901789381867275e-05,-93549944.0
28344,-3.290179301984608e-05,-47279464.0
5048,-3.290179665782489e-05,-18828838.0
16568,-3.2901800295803696e-05,7955667.0
36280,-3.29018039337825e-05,15278554.0
43960,-3.290180757176131e-05,25465556.0
3768,-3.290181120974012e-05,42596272.0
61368,-3.2901814847718924e-05,-50416776.0
49336,-3.290181848569773e-05,-1912700.125
46776,-3.290182212367654e-05,-2830170.25
56504,-3.2901825761655346e-05,-41662.4453125
57784,-3.290182939963415e-05,-5971970.5
45496,-3.290183303761296e-05,5832585.5
14008,-3.290183667559177e-05,-3212897.25
42168,-3.2901840313570574e-05,3376621.25
12984,-3.290184395154938e-05,-19270254.0
57016,-3.290184758952819e-05,12422405.0
29624,-3.2901851227506995e-05,4834478.5
31160,-3.29018548654858e-05,5866490.5
24248,-3.290185850346461e-05,-2032590.625
3512,-3.2901862141443416e-05,9298757.0
16312,-3.2901865779422224e-05,10530322.0
6072,-3.290186941740103e-05,2495714.75
5304,-3.290187305537984e-05,-24146020.0
64696,-3.2901876693358645e-05,12918021.0
53432,-3.290188033133745e-05,12375436.0
20152,-3.290188396931626e-05,-11907527.0
35256,-3.2901887607295066e-05,-2465771.75
1976,-3.290189124527387e-05,11953234.0
47288,-3.290189488325268e-05,6074525.5
54456,-3.290189852123149e-05,10449912.0
60088,-3.2901902159210294e-05,-1114103.5
28344,-3.29019057971891e-05,20956410.0
23736,-3.290190943516791e-05,4167032.75
46008,-3.2901913073146716e-05,7327639.5
27320,-3.290191671112552e-05,-707124.875
13752,-3.290192034910433e-05,-6149094.0
52152,-3.290192398708314e-05,2172431.5
2232,-3.2901927625061944e-05,12357672.0
47288,-3.290193126304075e-05,6694832.0
6840,-3.290193490101956e-05,6367656.0
32952,-3.2901938538998365e-05,3196700.75
44984,-3.290194217697717e-05,-25717544.0
16056,-3.290194581495598e-05,2489894.5
1208,-3.290194945293479e-05,-8507981.0
46008,-3.2901953090913594e-05,-14649223.0
15800,-3.29019567288924e-05,-3389735.5
8376,-3.290196036687121e-05,66122.59375
15032,-3.2901964004850015e-05,1231409.25
41656,-3.290196764282882e-05,-1979863.625
42168,-3.290197128080763e-05,-3058621.75
23992,-3.2901974918786436e-05,-1641751.375
13496,-3.2901978556765243e-05,-2103914.0
59832,-3.290198219474405e-05,-1215190.125
5560,-3.290198583272286e-05,-1069112.75
44984,-3.2901989470701665e-05,-535436.375
4024,-3.290199310868047e-05,721298.125
20664,-3.290199674665928e-05,328787.1875
48312,-3.2902000384638086e-05,15249695.0
46776,-3.290200402261689e-05,761502.5625
27576,-3.29020076605957e-05,-6457135.0
30648,-3.290201129857451e-05,-8343918.0
1464,-3.2902014936553314e-05,-9944258.0
5816,-3.290201857453212e-05,-6948892.0
59576,-3.290202221251093e-05,-1006897.0
48568,-3.2902025850489736e-05,-2591135.25
24248,-3.290202948846854e-05,11580330.0
28856,-3.290203312644735e-05,-1618139.125
40888,-3.290203676442616e-05,-1790994.0
60088,-3.2902040402404964e-05,-918224.25
50616,-3.290204404038377e-05,-1879588.625
10680,-3.290204767836258e-05,-2158152.25
55992,-3.2902051316341385e-05,-814763.125
4536,-3.290205495432019e-05,-497604.1875
5304,-3.2902058592299e-05,-436382.21875
952,-3.2902062230277807e-05,-340642.75
26808,-3.2902065868256614e-05,-417362.71875
24504,-3.290206950623542e-05,-291506.84375
15032,-3.290207314421423e-05,-261602.625
25016,-3.2902076782193035e-05,-213069.328125
1720,-3.290208042017184e-05,-199197.109375
6840,-3.290208405815065e-05,-156194.03125
58808,-3.2902087696129456e-05,-117821.5390625
33208,-3.290209133410826e-05,-95074.703125
50104,-3.290209497208707e-05,-75374.2421875
11192,-3.290209861006588e-05,-67144.578125
60600,-3.2902102248044685e-05,-69760.671875
12984,-3.290210588602349e-05,-54955.984375
28600,-3.29021095240023e-05,-55375.34765625
25016,-3.2902113161981106e-05,-65488.89453125
6584,-3.290211679995991e-05,-34449.2578125
21944,-3.290212043793872e-05,-64322.33203125
61624,-3.290212407591753e-05,-28034.931640625
37048,-3.2902127713896334e-05,-28034.3203125
32952,-3.290213135187514e-05,-32641.4609375
15544,-3.290213498985395e-05,-24552.642578125
19384,-3.2902138627832755e-05,-28045.763671875
3256,-3.290214226581156e-05,-30525.42578125
26296,-3.290214590379037e-05,-32188.794921875
61624,-3.290214954176918e-05,-35163.9375
32696,-3.2902153179747984e-05,-22660.02734375
7352,-3.290215681772679e-05,-25142.69921875
46264,-3.29021604557056e-05,-22134.279296875
19384,-3.2902164093684405e-05,-23711.044921875
57272,-3.290216773166321e-05,-33698.57421875
4280,-3.290217136964202e-05,-25274.505859375
51640,-3.2902175007620826e-05,-24285.119140625
37560,-3.2902178645599633e-05,-17044.44140625
3000,-3.290218228357844e-05,-16594.662109375
28344,-3.290218592155725e-05,-7652.06396484375
59832,-3.2902189559536055e-05,-5085.4111328125
45752,-3.290219319751486e-05,-1826.6383056640625
